{
  "dctx_email": {
    "quota": 719.84,
    "used": 3555.45,
    "timestamp": 1773190568.810614
  },
  "ljq_email": {
    "quota": 225.15,
    "used": 3949.93,
    "timestamp": 1773190590.6459982
  },
  "zc_email": {
    "quota": 1819.34,
    "used": 2355.66,
    "timestamp": 1773190612.9958122
  },
  "zj_email": {
    "quota": 3034.18,
    "used": 90.82,
    "timestamp": 1773190675.0691667
  },
  "fks_email": {
    "quota": 3125.0,
    "used": 0.0,
    "timestamp": 1773190697.1557856
  },
  "dxh_email": {
    "quota": 3125.0,
    "used": 0.0,
    "timestamp": 1773190719.5401626
  },
  "zhb_email": {
    "quota": 3125.0,
    "used": 0.0,
    "timestamp": 1773190741.3300104
  },
  "linuxdo_84404_cookies": {
    "quota": 643.53,
    "used": 3006.47,
    "timestamp": 1773190621.5388114
  },
  "linux_chuang_cookies": {
    "quota": 75.07,
    "used": 3374.34,
    "timestamp": 1773190629.050273
  },
  "linux_bwj_cookies": {
    "quota": 1024.98,
    "used": 2250.02,
    "timestamp": 1773190636.8310547
  },
  "linux_devbai_cookies": {
    "quota": 1510.41,
    "used": 1914.59,
    "timestamp": 1773190645.5326126
  },
  "linux_Yeahnet_cookies": {
    "quota": 1523.75,
    "used": 1901.25,
    "timestamp": 1773190653.227335
  },
  "我的账号_cookies": {
    "quota": 1450.29,
    "used": 1574.71,
    "timestamp": 1773282238.5809057
  }
}