{
  "dctx_email": {
    "quota": 669.84,
    "used": 3555.45,
    "timestamp": 1773059498.153617
  },
  "ljq_email": {
    "quota": 175.15,
    "used": 3949.93,
    "timestamp": 1773059518.7636347
  },
  "zc_email": {
    "quota": 1846.16,
    "used": 2278.84,
    "timestamp": 1773059539.8062406
  },
  "zj_email": {
    "quota": 3075.0,
    "used": 0.0,
    "timestamp": 1773059606.2151535
  },
  "fks_email": {
    "quota": 3075.0,
    "used": 0.0,
    "timestamp": 1773059628.9069517
  },
  "dxh_email": {
    "quota": 3075.0,
    "used": 0.0,
    "timestamp": 1773059651.5844817
  },
  "zhb_email": {
    "quota": 3075.0,
    "used": 0.0,
    "timestamp": 1773059674.5831249
  },
  "linuxdo_84404_cookies": {
    "quota": 593.53,
    "used": 3006.47,
    "timestamp": 1773059549.332369
  },
  "linux_chuang_cookies": {
    "quota": 25.07,
    "used": 3374.34,
    "timestamp": 1773059558.1898298
  },
  "linux_bwj_cookies": {
    "quota": 977.7,
    "used": 2247.3,
    "timestamp": 1773059567.748347
  },
  "linux_devbai_cookies": {
    "quota": 1460.41,
    "used": 1914.59,
    "timestamp": 1773059575.2457848
  },
  "linux_Yeahnet_cookies": {
    "quota": 1482.93,
    "used": 1892.07,
    "timestamp": 1773059584.418927
  }
}