{
  "dctx_email": {
    "quota": 1091.54,
    "used": 3108.75,
    "timestamp": 1772951303.7440193
  },
  "ljq_email": {
    "quota": 150.15,
    "used": 3949.93,
    "timestamp": 1772951323.8175948
  },
  "zc_email": {
    "quota": 1821.16,
    "used": 2278.84,
    "timestamp": 1772951344.958746
  },
  "zj_email": {
    "quota": 3050.0,
    "used": 0.0,
    "timestamp": 1772951413.068495
  },
  "fks_email": {
    "quota": 3050.0,
    "used": 0.0,
    "timestamp": 1772951434.7923744
  },
  "dxh_email": {
    "quota": 3050.0,
    "used": 0.0,
    "timestamp": 1772951457.2761707
  },
  "zhb_email": {
    "quota": 3050.0,
    "used": 0.0,
    "timestamp": 1772951479.8297696
  },
  "linuxdo_84404_cookies": {
    "quota": 568.53,
    "used": 3006.47,
    "timestamp": 1772951354.5887797
  },
  "linux_chuang_cookies": {
    "quota": 1209.81,
    "used": 2165.19,
    "timestamp": 1772951363.7186108
  },
  "linux_bwj_cookies": {
    "quota": 986.3,
    "used": 2213.7,
    "timestamp": 1772951372.9950562
  },
  "linux_devbai_cookies": {
    "quota": 1435.41,
    "used": 1914.59,
    "timestamp": 1772951382.4422698
  },
  "linux_Yeahnet_cookies": {
    "quota": 1524.98,
    "used": 1825.02,
    "timestamp": 1772951391.296009
  }
}