{
  "dctx_email": {
    "quota": 694.84,
    "used": 3555.45,
    "timestamp": 1773104099.340705
  },
  "ljq_email": {
    "quota": 200.15,
    "used": 3949.93,
    "timestamp": 1773104120.428627
  },
  "zc_email": {
    "quota": 1871.16,
    "used": 2278.84,
    "timestamp": 1773104141.1668956
  },
  "zj_email": {
    "quota": 3100.0,
    "used": 0.0,
    "timestamp": 1773104206.6199396
  },
  "fks_email": {
    "quota": 3100.0,
    "used": 0.0,
    "timestamp": 1773104229.6258965
  },
  "dxh_email": {
    "quota": 3100.0,
    "used": 0.0,
    "timestamp": 1773104252.0789819
  },
  "zhb_email": {
    "quota": 3100.0,
    "used": 0.0,
    "timestamp": 1773104274.419867
  },
  "linuxdo_84404_cookies": {
    "quota": 618.53,
    "used": 3006.47,
    "timestamp": 1773104149.2272067
  },
  "linux_chuang_cookies": {
    "quota": 50.07,
    "used": 3374.34,
    "timestamp": 1773104157.9462101
  },
  "linux_bwj_cookies": {
    "quota": 1002.7,
    "used": 2247.3,
    "timestamp": 1773104167.9161334
  },
  "linux_devbai_cookies": {
    "quota": 1485.41,
    "used": 1914.59,
    "timestamp": 1773104176.1838987
  },
  "linux_Yeahnet_cookies": {
    "quota": 1498.75,
    "used": 1901.25,
    "timestamp": 1773104183.6545606
  }
}