{
  "dctx_email": {
    "quota": 1091.54,
    "used": 3108.75,
    "timestamp": 1772931624.123018
  },
  "ljq_email": {
    "quota": 150.15,
    "used": 3949.93,
    "timestamp": 1772931645.9847653
  },
  "zc_email": {
    "quota": 1821.16,
    "used": 2278.84,
    "timestamp": 1772931667.1084082
  },
  "zj_email": {
    "quota": 3050.0,
    "used": 0.0,
    "timestamp": 1772931731.656335
  },
  "fks_email": {
    "quota": 3050.0,
    "used": 0.0,
    "timestamp": 1772931754.90258
  },
  "dxh_email": {
    "quota": 3050.0,
    "used": 0.0,
    "timestamp": 1772931777.0318751
  },
  "zhb_email": {
    "quota": 3050.0,
    "used": 0.0,
    "timestamp": 1772931798.5086372
  },
  "linuxdo_84404_cookies": {
    "quota": 568.53,
    "used": 3006.47,
    "timestamp": 1772931675.2704976
  },
  "linux_chuang_cookies": {
    "quota": 1745.55,
    "used": 1629.45,
    "timestamp": 1772931684.0656528
  },
  "linux_bwj_cookies": {
    "quota": 986.3,
    "used": 2213.7,
    "timestamp": 1772931692.5109873
  },
  "linux_devbai_cookies": {
    "quota": 1435.41,
    "used": 1914.59,
    "timestamp": 1772931700.8048685
  },
  "linux_Yeahnet_cookies": {
    "quota": 1544.6,
    "used": 1805.4,
    "timestamp": 1772931709.897884
  },
  "我的账号_cookies": {
    "quota": 1452.71,
    "used": 1472.29,
    "timestamp": 1772952491.3226845
  }
}