{
  "dctx_email": {
    "quota": 694.84,
    "used": 3555.45,
    "timestamp": 1773145895.6455085
  },
  "ljq_email": {
    "quota": 200.15,
    "used": 3949.93,
    "timestamp": 1773145918.1295109
  },
  "zc_email": {
    "quota": 1830.36,
    "used": 2319.64,
    "timestamp": 1773145940.3069632
  },
  "zj_email": {
    "quota": 3034.19,
    "used": 65.81,
    "timestamp": 1773146014.7430482
  },
  "fks_email": {
    "quota": 3100.0,
    "used": 0.0,
    "timestamp": 1773146038.9496107
  },
  "dxh_email": {
    "quota": 3100.0,
    "used": 0.0,
    "timestamp": 1773146063.225795
  },
  "zhb_email": {
    "quota": 3100.0,
    "used": 0.0,
    "timestamp": 1773146087.4586148
  },
  "linuxdo_84404_cookies": {
    "quota": 618.53,
    "used": 3006.47,
    "timestamp": 1773145949.5403705
  },
  "linux_chuang_cookies": {
    "quota": 50.07,
    "used": 3374.34,
    "timestamp": 1773145959.5933275
  },
  "linux_bwj_cookies": {
    "quota": 999.98,
    "used": 2250.02,
    "timestamp": 1773145970.212267
  },
  "linux_devbai_cookies": {
    "quota": 1485.41,
    "used": 1914.59,
    "timestamp": 1773145979.7362216
  },
  "linux_Yeahnet_cookies": {
    "quota": 1498.75,
    "used": 1901.25,
    "timestamp": 1773145990.7499216
  }
}