{
  "dctx_email": {
    "quota": 694.84,
    "used": 3555.45,
    "timestamp": 1773167595.9123154
  },
  "ljq_email": {
    "quota": 200.15,
    "used": 3949.93,
    "timestamp": 1773167618.2008133
  },
  "zc_email": {
    "quota": 1794.45,
    "used": 2355.55,
    "timestamp": 1773167641.4923172
  },
  "zj_email": {
    "quota": 3009.18,
    "used": 90.82,
    "timestamp": 1773167709.0951416
  },
  "fks_email": {
    "quota": 3100.0,
    "used": 0.0,
    "timestamp": 1773167731.8397546
  },
  "dxh_email": {
    "quota": 3100.0,
    "used": 0.0,
    "timestamp": 1773167754.721176
  },
  "zhb_email": {
    "quota": 3100.0,
    "used": 0.0,
    "timestamp": 1773167779.8610759
  },
  "linuxdo_84404_cookies": {
    "quota": 618.53,
    "used": 3006.47,
    "timestamp": 1773167650.9481893
  },
  "linux_chuang_cookies": {
    "quota": 50.07,
    "used": 3374.34,
    "timestamp": 1773167660.5828366
  },
  "linux_bwj_cookies": {
    "quota": 999.98,
    "used": 2250.02,
    "timestamp": 1773167669.385921
  },
  "linux_devbai_cookies": {
    "quota": 1485.41,
    "used": 1914.59,
    "timestamp": 1773167678.2332206
  },
  "linux_Yeahnet_cookies": {
    "quota": 1498.75,
    "used": 1901.25,
    "timestamp": 1773167687.9646587
  }
}